step,gate_entropy,lr,mean_g_g,mean_g_l,mean_g_s,reg_loss,task_loss,total_loss,util,val_acc
100,0.9263246059417725,0.00015,0.4483962059020996,0.208013117313385,0.343590646982193,0.0032268555369228125,0.6851229667663574,0.6883498430252075,0.6564093828201294,
200,0.9934848248958588,0.0003,0.2888566851615906,0.28982013463974,0.42132318019866943,0.0004835647123400122,0.727893590927124,0.7283771634101868,0.5786768198013306,
300,1.0118345022201538,0.0002999229324301032,0.34019550681114197,0.32868432998657227,0.3311201333999634,0.004778452217578888,0.6748418211936951,0.6796202659606934,0.6688798666000366,
400,0.9401792287826538,0.00029969180891255043,0.2853805124759674,0.4016019403934479,0.31301748752593994,0.007594491355121136,0.5701234340667725,0.5777179002761841,0.6869825124740601,
500,0.9702243208885193,0.0002993068669423797,0.2838982045650482,0.39170655608177185,0.32439523935317993,0.005744457244873047,0.3611423969268799,0.36688685417175293,0.6756047010421753,
500,,,,,,,,,,0.78
600,0.9293540120124817,0.0002987685020734869,0.342159628868103,0.3421141803264618,0.3157261908054352,0.007136281579732895,0.30760428309440613,0.3147405683994293,0.6842737793922424,
700,0.9413155913352966,0.00029807726751216753,0.3351164758205414,0.3392425775527954,0.3256409764289856,0.005562763661146164,0.3994419574737549,0.40500470995903015,0.6743589639663696,
800,0.9563190340995789,0.0002972338735486598,0.3334374725818634,0.3334217667579651,0.3331407308578491,0.004503494594246149,0.29617270827293396,0.3006761968135834,0.6668592095375061,
